athleteid,venueid,nationid,racetime,year,marathon_era,performance,marathon_speed
20,5,12,167.48,1921,0,0,251.94053021256272
23,14,8,166.43,1922,0,0,253.53001261791744
2,40,5,160.78,1923,0,0,262.43935812912054
60,37,13,156.17,1924,0,0,270.18633540372673
56,40,10,149.03,1925,0,1,283.1309132389452
30,14,8,154.42,1926,0,0,273.2482839010491
73,14,8,155.35,1927,0,0,271.6124879304796
7,1,9,152.95,1928,0,0,275.8744687806473
28,34,10,150.95,1929,0,0,279.529645578006
22,37,13,156.55,1930,0,0,269.5305014372405
34,17,1,153.32,1931,0,0,275.20871380120013
69,37,13,151.52,1932,0,0,278.47808870116154
41,37,13,151.17,1933,0,0,279.1228418336972
68,27,13,152.93,1934,0,0,275.91054730922644
62,37,13,146.23,1935,0,1,288.5522806537646
62,37,13,148.53,1936,0,0,284.08402342961017
44,19,19,150.63,1937,0,0,280.1234813782115
49,33,25,150.45,1938,0,0,280.45862412761716
71,37,13,151.43,1939,0,0,278.64359770190845
61,37,13,153.7,1940,0,0,274.52830188679246
43,33,25,151.45,1941,0,0,278.60680092439753
77,37,13,151.63,1942,0,0,278.27606674141003
26,41,4,158.58,1943,0,0,266.08021188043887
9,41,25,160.8,1944,0,0,262.40671641791045
65,13,22,156.62,1945,0,0,269.4100370323075
46,16,8,151.62,1946,0,0,278.29442026117925
46,21,8,145.65,1947,0,1,289.70133882595263
46,35,8,151.03,1948,0,0,279.3815798185791
55,38,8,148.65,1949,1,0,283.8546922300706
19,24,24,149.15,1950,1,0,282.9031176667784
72,36,8,148.12,1951,1,0,284.87037537132056
31,40,10,140.7,1952,1,1,299.89339019189765
31,38,10,138.57,1953,1,1,304.50313920762073
31,8,10,137.65,1954,1,1,306.5383218307301
72,10,8,141.35,1955,1,0,298.5143261407853
48,28,8,138.07,1956,1,0,305.60585210400524
58,24,24,139.83,1957,1,0,301.75927912465136
58,35,24,135.28,1958,1,1,311.9086339444116
58,17,24,137.75,1959,1,0,306.3157894736842
1,31,7,135.27,1960,1,1,311.9316921712131
66,25,13,138.9,1961,1,0,303.7796976241901
76,29,20,136.15,1962,1,0,309.9155343371282
42,8,25,134.47,1963,1,1,313.78746188740985
1,37,7,132.18,1964,1,1,319.22378574670904
47,8,13,132,1965,1,1,319.65909090909093
45,12,18,134.07,1966,1,0,314.72365182367423
13,12,2,129.6,1967,1,1,325.5787037037037
5,12,10,130.78,1968,1,0,322.64107661721977
13,2,2,128.55,1969,1,1,328.2380396732789
53,11,10,129.47,1970,1,0,325.9056152004325
13,15,2,131.13,1971,1,0,321.77991306337225
21,12,25,130.5,1972,1,0,323.3333333333333
32,30,2,131.2,1973,1,0,321.6082317073171
29,9,10,129.2,1974,1,0,326.5866873065016
6,6,25,129.92,1975,1,0,324.7767857142857
74,23,11,129.92,1976,1,0,324.7767857142857
6,12,25,130.92,1977,1,0,322.2960586617782
59,3,13,129.08,1978,1,0,326.8903005887821
6,6,25,129.45,1979,1,0,325.95596755504056
26,1,17,129.02,1980,1,0,327.0423190203069
52,12,2,128.3,1981,1,1,328.8776305533905
3,6,25,128.87,1982,1,0,327.42298440288664
52,32,2,128.62,1983,1,0,328.05939978230447
63,7,10,128.08,1984,1,1,329.44253591505304
8,32,19,127.2,1985,1,1,331.72169811320754
52,6,2,127.85,1986,1,0,330.0351974970669
67,12,13,128.3,1987,1,0,328.8776305533905
4,32,7,126.83,1988,1,1,332.68942679176854
35,26,23,128.02,1989,1,0,329.59693797844085
64,4,2,128.27,1990,1,0,328.95454899820686
40,3,13,128.88,1991,1,0,327.39757914338924
11,4,21,128.12,1992,1,0,329.33968154854824
14,12,16,128.85,1993,1,0,327.47380675203726
10,6,14,127.25,1994,1,0,331.5913555992141
57,4,14,127.03,1995,1,0,332.1656301661025
44,18,6,128.42,1996,1,0,328.5703161501324
38,7,15,127.17,1997,1,0,331.7999528190611
54,4,3,126.08,1998,1,1,334.6684644670051
38,7,15,125.7,1999,1,1,335.6801909307876
78,20,19,126.6,2000,1,0,333.29383886255926
33,32,14,126.83,2001,1,0,332.68942679176854
39,20,25,125.62,2002,1,1,335.8939659289922
51,4,14,124.92,2003,1,1,337.776176753122
18,32,14,126.23,2004,1,0,334.27077556840686
27,1,7,126.32,2005,1,0,334.0326155794807
27,4,7,125.93,2006,1,0,335.0671007702692
27,4,7,124.43,2007,1,1,339.1063248412762
27,4,7,123.97,2008,1,1,340.36460433975964
15,32,14,124.43,2009,1,0,339.1063248412762
50,32,14,124.8,2010,1,0,338.10096153846155
50,4,14,123.63,2011,1,1,341.30065518078135
24,4,14,124.25,2012,1,0,339.59758551307846
75,4,14,123.38,2013,1,1,341.99221916031775
12,4,14,122.95,2014,1,1,343.1882879219195
16,4,14,124,2015,1,0,340.28225806451616
37,4,7,123.05,2016,1,0,342.9093864282812
16,4,14,123.53,2017,1,0,341.57694487169107
16,4,14,121.65,2018,1,1,346.8557336621455
37,4,7,121.68,2019,1,0,346.7702169625246
17,39,14,123,2020,1,0,343.0487804878049
70,22,14,122.95,2021,1,0,343.1882879219195
16,4,14,121.15,2022,1,1,348.28724721419724
36,7,14,120.58,2023,1,1,349.9336540056394
100,100,14,122.08,2024,1,0,345.6340104849279
101,101,101,122.27,2025,1,0,345.09691665985116
101,102,102,119.5,2026,1,1,353.0962343096234
